"train/global_step","[benchmark_diff32]GSPO - _step","[benchmark_diff32]GSPO - _step__MIN","[benchmark_diff32]GSPO - _step__MAX","[benchmark_diff32]GSPO - eval/eval_math_500_rewards/accuracy_reward_lv35/mean","[benchmark_diff32]GSPO - eval/eval_math_500_rewards/accuracy_reward_lv35/mean__MIN","[benchmark_diff32]GSPO - eval/eval_math_500_rewards/accuracy_reward_lv35/mean__MAX","[benchmark_diff32]GRPO - _step","[benchmark_diff32]GRPO - _step__MIN","[benchmark_diff32]GRPO - _step__MAX","[benchmark_diff32]GRPO - eval/eval_math_500_rewards/accuracy_reward_lv35/mean","[benchmark_diff32]GRPO - eval/eval_math_500_rewards/accuracy_reward_lv35/mean__MIN","[benchmark_diff32]GRPO - eval/eval_math_500_rewards/accuracy_reward_lv35/mean__MAX","[benchmark_diff32]dr_GRPO - _step","[benchmark_diff32]dr_GRPO - _step__MIN","[benchmark_diff32]dr_GRPO - _step__MAX","[benchmark_diff32]dr_GRPO - eval/eval_math_500_rewards/accuracy_reward_lv35/mean","[benchmark_diff32]dr_GRPO - eval/eval_math_500_rewards/accuracy_reward_lv35/mean__MIN","[benchmark_diff32]dr_GRPO - eval/eval_math_500_rewards/accuracy_reward_lv35/mean__MAX","[benchmark_diff32]GEPO - _step","[benchmark_diff32]GEPO - _step__MIN","[benchmark_diff32]GEPO - _step__MAX","[benchmark_diff32]GEPO - eval/eval_math_500_rewards/accuracy_reward_lv35/mean","[benchmark_diff32]GEPO - eval/eval_math_500_rewards/accuracy_reward_lv35/mean__MIN","[benchmark_diff32]GEPO - eval/eval_math_500_rewards/accuracy_reward_lv35/mean__MAX"
"64","3760","3760","3760","0.6078869047619048","0.6078869047619048","0.6078869047619048","3760","3760","3760","0.5654761904761905","0.5654761904761905","0.5654761904761905","3760","3760","3760","0.5701884920634921","0.5701884920634921","0.5701884920634921","3760","3760","3760","0.5969742063492064","0.5969742063492064","0.5969742063492064"
"128","7521","7521","7521","0.6892361111111112","0.6892361111111112","0.6892361111111112","7521","7521","7521","0.5920138888888888","0.5920138888888888","0.5920138888888888","7521","7521","7521","0.5843253968253969","0.5843253968253969","0.5843253968253969","7521","7521","7521","0.6649305555555556","0.6649305555555556","0.6649305555555556"
"192","11282","11282","11282","0.748015873015873","0.748015873015873","0.748015873015873","11282","11282","11282","0.6034226190476191","0.6034226190476191","0.6034226190476191","11282","11282","11282","0.6106150793650794","0.6106150793650794","0.6106150793650794","11282","11282","11282","0.7135416666666666","0.7135416666666666","0.7135416666666666"
"256","15043","15043","15043","0.7462797619047619","0.7462797619047619","0.7462797619047619","15043","15043","15043","0.6197916666666666","0.6197916666666666","0.6197916666666666","15043","15043","15043","0.6180555555555556","0.6180555555555556","0.6180555555555556","15043","15043","15043","0.7470238095238095","0.7470238095238095","0.7470238095238095"
"320","18804","18804","18804","0.6937003968253969","0.6937003968253969","0.6937003968253969","18804","18804","18804","0.6346726190476191","0.6346726190476191","0.6346726190476191","18804","18804","18804","0.6309523809523809","0.6309523809523809","0.6309523809523809","18804","18804","18804","0.7604166666666666","0.7604166666666666","0.7604166666666666"
"384","22565","22565","22565","0.6617063492063492","0.6617063492063492","0.6617063492063492","22565","22565","22565","0.6396329365079365","0.6396329365079365","0.6396329365079365","22565","22565","22565","0.642609126984127","0.642609126984127","0.642609126984127","22565","22565","22565","0.7646329365079365","0.7646329365079365","0.7646329365079365"
"448","26326","26326","26326","0.6713789682539683","0.6713789682539683","0.6713789682539683","26326","26326","26326","0.6579861111111112","0.6579861111111112","0.6579861111111112","26326","26326","26326","0.6478174603174603","0.6478174603174603","0.6478174603174603","26326","26326","26326","0.7698412698412699","0.7698412698412699","0.7698412698412699"
"512","30087","30087","30087","0.6664186507936508","0.6664186507936508","0.6664186507936508","30087","30087","30087","0.6688988095238095","0.6688988095238095","0.6688988095238095","30087","30087","30087","0.6587301587301587","0.6587301587301587","0.6587301587301587","30087","30087","30087","0.7728174603174603","0.7728174603174603","0.7728174603174603"
"576","33848","33848","33848","0.7321428571428571","0.7321428571428571","0.7321428571428571","33848","33848","33848","0.6822916666666666","0.6822916666666666","0.6822916666666666","33848","33848","33848","0.6671626984126984","0.6671626984126984","0.6671626984126984","33848","33848","33848","0.7780257936507936","0.7780257936507936","0.7780257936507936"
"640","37609","37609","37609","0.46999007936507936","0.46999007936507936","0.46999007936507936","37609","37609","37609","0.6847718253968254","0.6847718253968254","0.6847718253968254","37609","37609","37609","0.6773313492063492","0.6773313492063492","0.6773313492063492","37609","37609","37609","0.7693452380952381","0.7693452380952381","0.7693452380952381"
"704","41370","41370","41370","0.7294146825396826","0.7294146825396826","0.7294146825396826","41370","41370","41370","0.6964285714285714","0.6964285714285714","0.6964285714285714","41370","41370","41370","0.6872519841269841","0.6872519841269841","0.6872519841269841","41370","41370","41370","0.7720734126984127","0.7720734126984127","0.7720734126984127"
"768","45131","45131","45131","0.7589285714285714","0.7589285714285714","0.7589285714285714","45131","45131","45131","0.7041170634920635","0.7041170634920635","0.7041170634920635","45131","45131","45131","0.6892361111111112","0.6892361111111112","0.6892361111111112","45131","45131","45131","0.7728174603174603","0.7728174603174603","0.7728174603174603"
"832","48892","48892","48892","0.7638888888888888","0.7638888888888888","0.7638888888888888","48892","48892","48892","0.7083333333333334","0.7083333333333334","0.7083333333333334","48892","48892","48892","0.6969246031746031","0.6969246031746031","0.6969246031746031","48892","48892","48892","0.7891865079365079","0.7891865079365079","0.7891865079365079"
"896","52653","52653","52653","0.7663690476190477","0.7663690476190477","0.7663690476190477","52653","52653","52653","0.7197420634920635","0.7197420634920635","0.7197420634920635","52653","52653","52653","0.7135416666666666","0.7135416666666666","0.7135416666666666","52653","52653","52653","0.7807539682539683","0.7807539682539683","0.7807539682539683"
"960","56414","56414","56414","0.7822420634920635","0.7822420634920635","0.7822420634920635","56414","56414","56414","0.7274305555555556","0.7274305555555556","0.7274305555555556","56414","56414","56414","0.7150297619047619","0.7150297619047619","0.7150297619047619","56414","56414","56414","0.7891865079365079","0.7891865079365079","0.7891865079365079"
"1024","60175","60175","60175","0.7797619047619048","0.7797619047619048","0.7797619047619048","60175","60175","60175","0.732390873015873","0.732390873015873","0.732390873015873","60175","60175","60175","0.722718253968254","0.722718253968254","0.722718253968254","60175","60175","60175","0.7879464285714286","0.7879464285714286","0.7879464285714286"
"1088","63936","63936","63936","0.767609126984127","0.767609126984127","0.767609126984127","63936","63936","63936","0.7341269841269841","0.7341269841269841","0.7341269841269841","63936","63936","63936","0.7336309523809523","0.7336309523809523","0.7336309523809523","63936","63936","63936","0.7891865079365079","0.7891865079365079","0.7891865079365079"
"1152","67697","67697","67697","0.7437996031746031","0.7437996031746031","0.7437996031746031","67697","67697","67697","0.7331349206349206","0.7331349206349206","0.7331349206349206","67697","67697","67697","0.7358630952380952","0.7358630952380952","0.7358630952380952","67697","67697","67697","0.792906746031746","0.792906746031746","0.792906746031746"
"1216","71458","71458","71458","0.5555555555555556","0.5555555555555556","0.5555555555555556","71458","71458","71458","0.7393353174603174","0.7393353174603174","0.7393353174603174","71458","71458","71458","0.7358630952380952","0.7358630952380952","0.7358630952380952","71458","71458","71458","0.7926587301587301","0.7926587301587301","0.7926587301587301"
"1280","","","","","","","75219","75219","75219","0.7487599206349206","0.7487599206349206","0.7487599206349206","75219","75219","75219","0.7390873015873016","0.7390873015873016","0.7390873015873016","75219","75219","75219","0.7953869047619048","0.7953869047619048","0.7953869047619048"