"train/global_step","[benchmark]BNPO - _step","[benchmark]BNPO - _step__MIN","[benchmark]BNPO - _step__MAX","[benchmark]BNPO - eval/eval_math_500_rewards/accuracy_reward_lv35/mean","[benchmark]BNPO - eval/eval_math_500_rewards/accuracy_reward_lv35/mean__MIN","[benchmark]BNPO - eval/eval_math_500_rewards/accuracy_reward_lv35/mean__MAX","[benchmark]dr_GRPO - _step","[benchmark]dr_GRPO - _step__MIN","[benchmark]dr_GRPO - _step__MAX","[benchmark]dr_GRPO - eval/eval_math_500_rewards/accuracy_reward_lv35/mean","[benchmark]dr_GRPO - eval/eval_math_500_rewards/accuracy_reward_lv35/mean__MIN","[benchmark]dr_GRPO - eval/eval_math_500_rewards/accuracy_reward_lv35/mean__MAX","[benchmark]GSPO - _step","[benchmark]GSPO - _step__MIN","[benchmark]GSPO - _step__MAX","[benchmark]GSPO - eval/eval_math_500_rewards/accuracy_reward_lv35/mean","[benchmark]GSPO - eval/eval_math_500_rewards/accuracy_reward_lv35/mean__MIN","[benchmark]GSPO - eval/eval_math_500_rewards/accuracy_reward_lv35/mean__MAX","[benchmark]GEPO - _step","[benchmark]GEPO - _step__MIN","[benchmark]GEPO - _step__MAX","[benchmark]GEPO - eval/eval_math_500_rewards/accuracy_reward_lv35/mean","[benchmark]GEPO - eval/eval_math_500_rewards/accuracy_reward_lv35/mean__MIN","[benchmark]GEPO - eval/eval_math_500_rewards/accuracy_reward_lv35/mean__MAX","[benchmark]GRPO - _step","[benchmark]GRPO - _step__MIN","[benchmark]GRPO - _step__MAX","[benchmark]GRPO - eval/eval_math_500_rewards/accuracy_reward_lv35/mean","[benchmark]GRPO - eval/eval_math_500_rewards/accuracy_reward_lv35/mean__MIN","[benchmark]GRPO - eval/eval_math_500_rewards/accuracy_reward_lv35/mean__MAX"
"0","611","611","611","0.5473710317460317","0.5473710317460317","0.5473710317460317","611","611","611","0.5473710317460317","0.5473710317460317","0.5473710317460317","611","611","611","0.5473710317460317","0.5473710317460317","0.5473710317460317","611","611","611","0.5473710317460317","0.5473710317460317","0.5473710317460317","611","611","611","0.5473710317460317","0.5473710317460317","0.5473710317460317"
"64","3078","3078","3078","0.6711309523809523","0.6711309523809523","0.6711309523809523","3078","3078","3078","0.6567460317460317","0.6567460317460317","0.6567460317460317","3078","3078","3078","0.6686507936507936","0.6686507936507936","0.6686507936507936","3078","3078","3078","0.6612103174603174","0.6612103174603174","0.6612103174603174","3078","3078","3078","0.6691468253968254","0.6691468253968254","0.6691468253968254"
"128","5545","5545","5545","0.7559523809523809","0.7559523809523809","0.7559523809523809","5545","5545","5545","0.7554563492063492","0.7554563492063492","0.7554563492063492","5545","5545","5545","0.7668650793650794","0.7668650793650794","0.7668650793650794","5545","5545","5545","0.7611607142857143","0.7611607142857143","0.7611607142857143","5545","5545","5545","0.7477678571428571","0.7477678571428571","0.7477678571428571"
"192","8012","8012","8012","0.7666170634920635","0.7666170634920635","0.7666170634920635","8012","8012","8012","0.7787698412698413","0.7787698412698413","0.7787698412698413","8012","8012","8012","0.7653769841269841","0.7653769841269841","0.7653769841269841","8012","8012","8012","0.7743055555555556","0.7743055555555556","0.7743055555555556","8012","8012","8012","0.7718253968253969","0.7718253968253969","0.7718253968253969"
"256","10479","10479","10479","0.7867063492063492","0.7867063492063492","0.7867063492063492","10479","10479","10479","0.7762896825396826","0.7762896825396826","0.7762896825396826","10479","10479","10479","0.7891865079365079","0.7891865079365079","0.7891865079365079","10479","10479","10479","0.7839781746031746","0.7839781746031746","0.7839781746031746","10479","10479","10479","0.7738095238095238","0.7738095238095238","0.7738095238095238"
"320","12946","12946","12946","0.7718253968253969","0.7718253968253969","0.7718253968253969","12946","12946","12946","0.7857142857142857","0.7857142857142857","0.7857142857142857","12946","12946","12946","0.7854662698412699","0.7854662698412699","0.7854662698412699","12946","12946","12946","0.7822420634920635","0.7822420634920635","0.7822420634920635","12946","12946","12946","0.7805059523809523","0.7805059523809523","0.7805059523809523"
"384","15413","15413","15413","0.7673611111111112","0.7673611111111112","0.7673611111111112","15413","15413","15413","0.7775297619047619","0.7775297619047619","0.7775297619047619","15413","15413","15413","0.7953869047619048","0.7953869047619048","0.7953869047619048","15413","15413","15413","0.7849702380952381","0.7849702380952381","0.7849702380952381","15413","15413","15413","0.7919146825396826","0.7919146825396826","0.7919146825396826"
"448","17880","17880","17880","0.763640873015873","0.763640873015873","0.763640873015873","17880","17880","17880","0.7777777777777778","0.7777777777777778","0.7777777777777778","17880","17880","17880","0.7986111111111112","0.7986111111111112","0.7986111111111112","17880","17880","17880","0.7951388888888888","0.7951388888888888","0.7951388888888888","17880","17880","17880","0.7857142857142857","0.7857142857142857","0.7857142857142857"
"512","20347","20347","20347","0.7361111111111112","0.7361111111111112","0.7361111111111112","20347","20347","20347","0.7631448412698413","0.7631448412698413","0.7631448412698413","20347","20347","20347","0.7946428571428571","0.7946428571428571","0.7946428571428571","20347","20347","20347","0.7869543650793651","0.7869543650793651","0.7869543650793651","20347","20347","20347","0.7899305555555556","0.7899305555555556","0.7899305555555556"
"576","22814","22814","22814","0.005704365079365079","0.005704365079365079","0.005704365079365079","22814","22814","22814","0.7385912698412699","0.7385912698412699","0.7385912698412699","22814","22814","22814","0.7879464285714286","0.7879464285714286","0.7879464285714286","22814","22814","22814","0.8010912698412699","0.8010912698412699","0.8010912698412699","22814","22814","22814","0.7894345238095238","0.7894345238095238","0.7894345238095238"
"640","25281","25281","25281","0","0","0","25281","25281","25281","0.040674603174603176","0.040674603174603176","0.040674603174603176","25281","25281","25281","0.7921626984126984","0.7921626984126984","0.7921626984126984","25281","25281","25281","0.7879464285714286","0.7879464285714286","0.7879464285714286","25281","25281","25281","0.7896825396825397","0.7896825396825397","0.7896825396825397"
"704","27748","27748","27748","0.000496031746031746","0.000496031746031746","0.000496031746031746","27748","27748","27748","0","0","0","27748","27748","27748","0.7936507936507936","0.7936507936507936","0.7936507936507936","27748","27748","27748","0.7934027777777778","0.7934027777777778","0.7934027777777778","27748","27748","27748","0.7904265873015873","0.7904265873015873","0.7904265873015873"
"768","30215","30215","30215","0.30158730158730157","0.30158730158730157","0.30158730158730157","30215","30215","30215","0","0","0","30215","30215","30215","0.7899305555555556","0.7899305555555556","0.7899305555555556","30215","30215","30215","0.7943948412698413","0.7943948412698413","0.7943948412698413","30215","30215","30215","0.7983630952380952","0.7983630952380952","0.7983630952380952"
"832","32682","32682","32682","0.001984126984126984","0.001984126984126984","0.001984126984126984","32682","32682","32682","0.005456349206349206","0.005456349206349206","0.005456349206349206","32682","32682","32682","0.7740575396825397","0.7740575396825397","0.7740575396825397","32682","32682","32682","0.7958829365079365","0.7958829365079365","0.7958829365079365","32682","32682","32682","0.7904265873015873","0.7904265873015873","0.7904265873015873"
"896","35149","35149","35149","0.000248015873015873","0.000248015873015873","0.000248015873015873","35149","35149","35149","0.2829861111111111","0.2829861111111111","0.2829861111111111","35149","35149","35149","0.6778273809523809","0.6778273809523809","0.6778273809523809","35149","35149","35149","0.8013392857142857","0.8013392857142857","0.8013392857142857","35149","35149","35149","0.7879464285714286","0.7879464285714286","0.7879464285714286"
"960","37616","37616","37616","0","0","0","37616","37616","37616","0.18898809523809523","0.18898809523809523","0.18898809523809523","37616","37616","37616","0.5607638888888888","0.5607638888888888","0.5607638888888888","37616","37616","37616","0.8030753968253969","0.8030753968253969","0.8030753968253969","37616","37616","37616","0.7748015873015873","0.7748015873015873","0.7748015873015873"
"1024","40083","40083","40083","0","0","0","40083","40083","40083","0.2958829365079365","0.2958829365079365","0.2958829365079365","40083","40083","40083","0.5964781746031746","0.5964781746031746","0.5964781746031746","40083","40083","40083","0.8028273809523809","0.8028273809523809","0.8028273809523809","40083","40083","40083","0.3055555555555556","0.3055555555555556","0.3055555555555556"
"1088","42550","42550","42550","0.000248015873015873","0.000248015873015873","0.000248015873015873","42550","42550","42550","0.33482142857142855","0.33482142857142855","0.33482142857142855","42550","42550","42550","0.626984126984127","0.626984126984127","0.626984126984127","42550","42550","42550","0.7953869047619048","0.7953869047619048","0.7953869047619048","42550","42550","42550","0.4367559523809524","0.4367559523809524","0.4367559523809524"
"1152","45017","45017","45017","0.000744047619047619","0.000744047619047619","0.000744047619047619","45017","45017","45017","0.3350694444444444","0.3350694444444444","0.3350694444444444","45017","45017","45017","0.6212797619047619","0.6212797619047619","0.6212797619047619","45017","45017","45017","0.8043154761904762","0.8043154761904762","0.8043154761904762","45017","45017","45017","0.48214285714285715","0.48214285714285715","0.48214285714285715"
"1216","47484","47484","47484","0","0","0","47484","47484","47484","0.32762896825396826","0.32762896825396826","0.32762896825396826","47484","47484","47484","0.5885416666666666","0.5885416666666666","0.5885416666666666","47484","47484","47484","0.7951388888888888","0.7951388888888888","0.7951388888888888","47484","47484","47484","0.5602678571428571","0.5602678571428571","0.5602678571428571"
"1280","49951","49951","49951","0","0","0","49951","49951","49951","0.35887896825396826","0.35887896825396826","0.35887896825396826","49951","49951","49951","0.621031746031746","0.621031746031746","0.621031746031746","49951","49951","49951","0.78125","0.78125","0.78125","49951","49951","49951","0.49677579365079366","0.49677579365079366","0.49677579365079366"